{
"linear_regression": {
"photosynthetic_activity_calc1": [1.7501956082412206e-07, 1.7835945590092507e-07, 1.8503924605453107e-07, 1.983988263617431e-07, 2.1175840666895512e-07, 2.2511798697616716e-07, 2.384775672833792e-07, 2.518371475905912e-07, 2.7187651805140923e-07, 3.052754688194393e-07, 3.386744195874694e-07, 5.056691734276197e-07],
 "photosynthetic_activity_calc2": [1.6364713313632573e-07, 1.6727186274492508e-07, 1.745213219621237e-07, 1.8902024039652104e-07, 2.0351915883091833e-07, 2.1801807726531563e-07, 2.3251699569971293e-07, 2.4701591413411025e-07, 2.687642917857062e-07, 3.0501158787169944e-07, 3.412588839576927e-07, 5.22495364387659e-07],
 "average_accuracy": 99.71572819527361
},
"sigmoid_regression": {
"photosynthetic_activity_calc_current": [1.0125721800581944e-07, 2.62293202237208e-07, 4.505017059250511e-07, 6.691792415143582e-07, 7.382667761139304e-07, 7.593645057263731e-07, 7.679418885197843e-07, 7.682898173460404e-07, 7.673573863447598e-07, 7.663785589922472e-07],
 "photosynthetic_activity_calc_frequency": [8.641448503699581e-08, 9.642121537980082e-08, 1.1888844738246548e-07, 1.7066775420435547e-07, 2.235149021645079e-07, 2.6894286451983295e-07, 3.034716373764243e-07, 3.2782386346190106e-07, 3.505298717383797e-07, 3.688510423476125e-07, 3.779705562560477e-07, 4.102536847707545e-07],
 "accuracy_frequency": 99.69458925640441,
"accuracy_current": 99.26363831908947
}
}