{
"current": {
"weight1/0": 22.461355314054604,
"weight1/1": 0.6318766877196951,
"weight2/0": -0.3716370253256444,
"weight2/1": 5.125302503939666,
"weight3": 10.592170525150971,
"weight4": -9.43293993830508,
"etha": 0.1,
"running_index": 100000,
"scale_factor_x": 1000.0,
"scale_factor_y": 1000000.0
},
"frequency": {
"weight1/0": 1.4419796083029748,
"weight1/1": -2.01680225887808,
"weight2/0": 1.5137683977492626,
"weight2/1": -0.3811824035556829,
"weight3": -0.43625293926574277,
"weight4": -5.1558589677351945,
"etha": 0.1,
"running_index": 100000,
"scale_factor_x": 0.1,
"scale_factor_y": 1000000.0
}
}