{
"weight1/0": -0.15199016653659686,
"weight1/1": -2.1929590854223235,
"weight2/0": -0.47362372773667805,
"weight2/1": -1.1614469096545355,
"weight3": -1.597417330043932,
"weight4": -8.328651760625364,
"etha": 0.1,
"running_index": 1000000,
"scale_factor_x": 0.1,
"scale_factor_y": 1000000.0
}