{
"current": {
"weight1/0": 1.020605902690076,
"weight1/1": 0.31365889408321357,
"weight2/0": 0.595788254570828,
"weight2/1": 0.04711057047864018,
"weight3": 0.5728693340683159,
"weight4": 0.0671111378109829,
"etha": 0.001,
"running_index": 10000,
"scale_factor_x": 1000.0,
"scale_factor_y": 1000000.0
},
"frequency": {
"weight1/0": 0.3210518355741334,
"weight1/1": 0.363902534127021,
"weight2/0": 0.14127693195804533,
"weight2/1": 0.48873564947767384,
"weight3": -0.6932421900579655,
"weight4": -0.7826368907361352,
"etha": 0.001,
"running_index": 10000,
"scale_factor_x": 0.1,
"scale_factor_y": 1000000.0
}
}