{
"current": {
"weight1/0": 1.5401271320767516,
"weight1/1": 0.09896025052312579,
"weight2/0": -0.057676850595096356,
"weight2/1": 0.3625125566014416,
"weight3": 1.1351385043694624,
"weight4": -0.41222534854435355,
"etha": 0.1,
"running_index": 1000,
"scale_factor_x": 1000.0,
"scale_factor_y": 1000000.0
},
"frequency": {
"weight1/0": -1.7575017790241212,
"weight1/1": 0.09042285402620755,
"weight2/0": 0.9657917578607177,
"weight2/1": 0.7924895280017845,
"weight3": -2.1324752884819502,
"weight4": -0.4674669419858999,
"etha": 0.1,
"running_index": 1000,
"scale_factor_x": 0.1,
"scale_factor_y": 1000000.0
}
}