{
"weight1/0": 0.01674257281336806,
"weight1/1": 0.22895386928474226,
"weight2/0": 0.15861973900129217,
"weight2/1": 0.5132385612141113,
"weight3": -0.11351703806466118,
"weight4": 0.09936885724414912,
"etha": 0.1,
"running_index": 100
}