{
"current": {
"weight1/0": 22.48303721231351,
"weight1/1": 0.35023336995219134,
"weight2/0": -0.3680613490830706,
"weight2/1": 5.03074609439172,
"weight3": 10.618740916299034,
"weight4": -9.470925486856828,
"etha": 0.001,
"running_index": 10000000,
"scale_factor_x": 1000.0,
"scale_factor_y": 1000000.0
},
"frequency": {
"weight1/0": -0.21616862691459388,
"weight1/1": -2.4865264995086758,
"weight2/0": 0.46193640753212634,
"weight2/1": -0.2819176025099736,
"weight3": -1.0188853568228287,
"weight4": -4.419389863045187,
"etha": 0.001,
"running_index": 10000000,
"scale_factor_x": 0.1,
"scale_factor_y": 1000000.0
}
}