{
"current": {
"weight1/0": 30.076466950278046,
"weight1/1": -0.24347511559420756,
"weight2/0": -0.22575659343669016,
"weight2/1": 2.2869003741693037,
"weight3": 17.181441197378444,
"weight4": -17.912408150983733,
"etha": 0.1,
"running_index": 10000000,
"scale_factor_x": 1000.0,
"scale_factor_y": 1000000.0
},
"frequency": {
"weight1/0": -2.054827548414908,
"weight1/1": -0.12353310692816334,
"weight2/0": -1.9771972236789814,
"weight2/1": -1.3218073425600723,
"weight3": -16.704058328796368,
"weight4": -2.876994646469067,
"etha": 0.1,
"running_index": 10000000,
"scale_factor_x": 0.1,
"scale_factor_y": 1000000.0
}
}