{
"weight1/0": 0.4082333205757982,
"weight1/1": 0.13498394494573807,
"weight2/0": 0.4630278282465321,
"weight2/1": 0.218339349099371,
"weight3": -0.0716471646848203,
"weight4": 0.08242862774399616,
"etha": 0.01,
"running_index": 10000
}