{
"current": {
"weight1/0": 31.207141118959996,
"weight1/1": -0.26942315714975423,
"weight2/0": -0.6477765356785797,
"weight2/1": 2.049501762018084,
"weight3": 12.866010194236644,
"weight4": -13.487751394707347,
"etha": 0.1,
"running_index": 1000000,
"scale_factor_x": 1000.0,
"scale_factor_y": 1000000.0
}
}{
"frequency": {
"weight1/0": -0.17337968025705855,
"weight1/1": -2.1720431121495114,
"weight2/0": 0.08945479385734766,
"weight2/1": -1.1721195813555287,
"weight3": -1.1482295650834398,
"weight4": -8.443599702430296,
"etha": 0.1,
"running_index": 1000000,
"scale_factor_x": 0.1,
"scale_factor_y": 1000000.0
}
}