{
"linear_regression": {
"photosynthetic_activity_calc1": [6.572204727589656e-09, 1.3144409455179313e-08, 2.6288818910358626e-08, 5.257763782071725e-08, 7.886645673107588e-08, 1.051552756414345e-07, 1.3144409455179312e-07, 1.5773291346215177e-07, 1.971661418276897e-07, 2.6288818910358624e-07, 3.286102363794828e-07, 6.572204727589656e-07],
 "photosynthetic_activity_calc2": [6.572204727589656e-09, 1.3144409455179313e-08, 2.6288818910358626e-08, 5.257763782071725e-08, 7.886645673107588e-08, 1.051552756414345e-07, 1.3144409455179312e-07, 1.5773291346215177e-07, 1.971661418276897e-07, 2.6288818910358624e-07, 3.286102363794828e-07, 6.572204727589656e-07],
 "difference_dataset_1": [2.4727795272410348e-08, 9.68555905448207e-08, 1.1471118108964139e-07, 1.4542236217928276e-07, 1.4113354326892413e-07, 1.408447243585655e-07, 1.8755590544820686e-07, 1.5426708653784822e-07, 1.458338581723103e-07, 1.1911181089641376e-07, 5.6389763620517204e-08, -2.5022047275896565e-07],
 "differences_dataset_2": [3.232779527241034e-08, 1.1185559054482068e-07, 7.971118108964138e-08, 8.842236217928275e-08, 1.3613354326892412e-07, 1.688447243585655e-07, 1.1655590544820688e-07, 1.8126708653784824e-07, 1.938338581723103e-07, 8.711181089641374e-08, 6.238976362051718e-08, -2.3422047275896562e-07],
 "average_difference_abs": 8.753609571916461e-08,
"average_accuracy": 69.58815555246588
}
}