{
"linear_regression": {
"photosynthetic_activity_calc1": [9.055234360471379e-09, 1.5484302562258202e-08, 2.834243896583185e-08, 5.4058711772979145e-08, 7.977498458012644e-08, 1.0549125738727374e-07, 1.3120753019442104e-07, 1.5692380300156832e-07, 1.9549821221228927e-07, 2.597888942301575e-07, 3.240795762480257e-07, 6.455329863373669e-07],
 "photosynthetic_activity_calc2": [8.989165833768363e-09, 1.5492498529887375e-08, 2.84991639221254e-08, 5.4512494706601446e-08, 8.05258254910775e-08, 1.0653915627555355e-07, 1.325524870600296e-07, 1.5856581784450566e-07, 1.9758581402121973e-07, 2.6261914098240984e-07, 3.2765246794359995e-07, 6.528191027495505e-07],
 "average_accuracy": 64.80425077894094
}
}