{
"linear_regression": {
"photosynthetic_activity_calc1": [1.8035843538191678e-07, 1.8319679641263453e-07, 1.8887351847407007e-07, 2.0022696259694115e-07, 2.1158040671981223e-07, 2.2293385084268332e-07, 2.342872949655544e-07, 2.456407390884255e-07, 2.6267090527273207e-07, 2.910545155799098e-07, 3.1943812588708753e-07, 4.61356177422976e-07],
 "photosynthetic_activity_calc2": [1.6910679819793812e-07, 1.722239418693119e-07, 1.7845822921205947e-07, 1.9092680389755457e-07, 2.033953785830497e-07, 2.1586395326854483e-07, 2.2833252795403993e-07, 2.4080110263953503e-07, 2.5950396466777774e-07, 2.9067540138151555e-07, 3.218468380952533e-07, 4.777040216639423e-07],
 "difference_dataset_1": [-1.4905843538191678e-07, -7.319679641263453e-08, -4.787351847407007e-08, -2.2269625969411543e-09, 8.419593280187777e-09, 2.306614915731669e-08, 8.471270503444559e-08, 6.635926091157451e-08, 8.032909472726792e-08, 9.09454844200902e-08, 6.556187411291249e-08, -5.4356177422976034e-08],
 "differences_dataset_2": [-1.3020679819793813e-07, -4.7223941869311897e-08, -7.245822921205947e-08, -4.9926803897554566e-08, 1.1604621416950306e-08, 5.813604673145516e-08, 1.9667472045960066e-08, 9.819889736046497e-08, 1.3149603533222225e-07, 5.9324598618484434e-08, 6.915316190474669e-08, -5.4704021663942284e-08],
 "average_difference_abs": 7.739304580197257e-09,
"average_accuracy": 192.30380667922518
},
"sigmoid_regression": {
"photosynthetic_activity_calc_current": [5.7090295589521e-08, 2.599506533216733e-07, 4.889550521612829e-07, 6.776765844933338e-07, 7.196806265756114e-07, 7.315870647736533e-07, 7.412585464489775e-07, 7.563659053015401e-07, 7.787518309521867e-07, 8.044236355565135e-07],
 "photosynthetic_activity_calc_frequency": [7.88629766579653e-08, 9.17733504610742e-08, 1.1937065679592294e-07, 1.7643315440164365e-07, 2.2813210600033498e-07, 2.6992262761998447e-07, 3.015688718149769e-07, 3.247602754412149e-07, 3.481498811423424e-07, 3.696304396624918e-07, 3.8115159033894706e-07, 4.1053971525418685e-07],
 "accuracy_frequency": 99.8062358016002,
"accuracy_current": 99.8478307998819
}
}