{
 "linear_regression": {
  "photosynthetic_activity_calc1": [1.8035802960930064e-07, 1.8319639662616283e-07, 1.8887313065988729e-07, 2.0022659872733616e-07, 2.11580066794785e-07, 2.229335348622339e-07, 2.3428700292968276e-07, 2.456404709971316e-07, 2.6267067309830496e-07, 2.910543432669271e-07, 3.194380134355493e-07, 4.613563642786602e-07],
  "photosynthetic_activity_calc2": [1.6910641886755472e-07, 1.7222356813498493e-07, 1.7845786666984542e-07, 1.9092646373956634e-07, 2.033950608092873e-07, 2.1586365787900824e-07, 2.2833225494872918e-07, 2.4080085201845013e-07, 2.5950374762303154e-07, 2.9067524029733387e-07, 3.218467329716362e-07, 4.777041963431479e-07],
  "difference_dataset_1": [-1.4905802960930064e-07, -7.319639662616283e-08, -4.787313065988728e-08, -2.226598727336162e-09, 8.419933205215e-09, 2.3066465137766093e-08, 8.471299707031722e-08, 6.635952900286838e-08, 8.032932690169502e-08, 9.094565673307289e-08, 6.55619865644507e-08, -5.4356364278660245e-08],
  "differences_dataset_2": [-1.3020641886755473e-07, -4.722356813498494e-08, -7.245786666984542e-08, -4.9926463739566335e-08, 1.1604939190712718e-08, 5.8136342120991756e-08, 1.9667745051270814e-08, 9.819914798154987e-08, 1.3149625237696846e-07, 5.932475970266612e-08, 6.91532670283638e-08, -5.470419634314793e-08],
  "average_difference_abs": 7.739554767144264e-09,
  "average_accuracy": 7.696387370696556
 },
 "sigmoid_regression": {
  "photosynthetic_activity_calc_current": [5.7090295589521e-08, 2.599506533216733e-07, 4.889550521612829e-07, 6.776765844933338e-07, 7.196806265756114e-07, 7.315870647736533e-07, 7.412585464489775e-07, 7.563659053015401e-07, 7.787518309521867e-07, 8.044236355565135e-07],
  "photosynthetic_activity_calc_frequency": [7.88629766579653e-08, 9.17733504610742e-08, 1.1937065679592294e-07, 1.7643315440164365e-07, 2.2813210600033498e-07, 2.6992262761998447e-07, 3.015688718149769e-07, 3.247602754412149e-07, 3.481498811423424e-07, 3.696304396624918e-07, 3.8115159033894706e-07, 4.1053971525418685e-07],
  "accuracy_frequency": 99.8062358016002,
  "accuracy_current": 99.8478307998819
 }
}