{
"linear_regression": {
"photosynthetic_activity_calc1": [1.7501956082412206e-07, 1.7835945590092507e-07, 1.8503924605453107e-07, 1.983988263617431e-07, 2.1175840666895512e-07, 2.2511798697616716e-07, 2.384775672833792e-07, 2.518371475905912e-07, 2.7187651805140923e-07, 3.052754688194393e-07, 3.386744195874694e-07, 5.056691734276197e-07],
 "photosynthetic_activity_calc2": [1.6364713313632573e-07, 1.6727186274492508e-07, 1.745213219621237e-07, 1.8902024039652104e-07, 2.0351915883091833e-07, 2.1801807726531563e-07, 2.3251699569971293e-07, 2.4701591413411025e-07, 2.687642917857062e-07, 3.0501158787169944e-07, 3.412588839576927e-07, 5.22495364387659e-07],
 "average_accuracy": 99.71572819527361
}
}