{
"linear_regression": {
"photosynthetic_activity_calc1": [6.572204728215807e-09, 1.3144409456431615e-08, 2.628881891286323e-08, 5.257763782572646e-08, 7.886645673858969e-08, 1.0515527565145292e-07, 1.3144409456431616e-07, 1.5773291347717937e-07, 1.971661418464742e-07, 2.628881891286323e-07, 3.2861023641079037e-07, 6.572204728215807e-07],
 "photosynthetic_activity_calc2": [6.572204728215807e-09, 1.3144409456431615e-08, 2.628881891286323e-08, 5.257763782572646e-08, 7.886645673858969e-08, 1.0515527565145292e-07, 1.3144409456431616e-07, 1.5773291347717937e-07, 1.971661418464742e-07, 2.628881891286323e-07, 3.2861023641079037e-07, 6.572204728215807e-07],
 "difference_dataset_1": [2.4727795271784195e-08, 9.685559054356838e-08, 1.1471118108713678e-07, 1.4542236217427354e-07, 1.4113354326141034e-07, 1.408447243485471e-07, 1.8755590543568383e-07, 1.542670865228206e-07, 1.4583385815352578e-07, 1.1911181087136769e-07, 5.638976358920965e-08, -2.5022047282158076e-07],
 "differences_dataset_2": [3.232779527178419e-08, 1.1185559054356837e-07, 7.971118108713677e-08, 8.842236217427355e-08, 1.3613354326141033e-07, 1.6884472434854708e-07, 1.1655590543568384e-07, 1.8126708652282063e-07, 1.9383385815352578e-07, 8.711181087136767e-08, 6.238976358920962e-08, -2.3422047282158073e-07],
 "average_difference_abs": 8.753609570314558e-08,
"average_accuracy": 69.58815554004119
}
}