{
"linear_regression": {
"photosynthetic_activity_calc1": [1.7501956082412206e-07, 1.7835945590092507e-07, 1.8503924605453107e-07, 1.983988263617431e-07, 2.1175840666895512e-07, 2.2511798697616716e-07, 2.384775672833792e-07, 2.518371475905912e-07, 2.7187651805140923e-07, 3.052754688194393e-07, 3.386744195874694e-07, 5.056691734276197e-07],
 "photosynthetic_activity_calc2": [1.6364713313632573e-07, 1.6727186274492508e-07, 1.745213219621237e-07, 1.8902024039652104e-07, 2.0351915883091833e-07, 2.1801807726531563e-07, 2.3251699569971293e-07, 2.4701591413411025e-07, 2.687642917857062e-07, 3.0501158787169944e-07, 3.412588839576927e-07, 5.22495364387659e-07],
 "average_accuracy": 99.71572819527361
},
"sigmoid_regression": {
"photosynthetic_activity_calc_current": [1.0115960521845226e-07, 2.622796370569229e-07, 4.505833113321978e-07, 6.692222998825058e-07, 7.382407336705124e-07, 7.593081108442399e-07, 7.678802043500503e-07, 7.682607423116786e-07, 7.673740829320551e-07, 7.664350865639603e-07],
 "photosynthetic_activity_calc_frequency": [8.398653754227817e-08, 9.477356219973799e-08, 1.1874106457722279e-07, 1.724976639839527e-07, 2.2541147728515953e-07, 2.697391870237282e-07, 3.030719799495495e-07, 3.2665881217710344e-07, 3.4909090025723426e-07, 3.682020882812656e-07, 3.784559478148857e-07, 4.11769809457619e-07],
 "accuracy_frequency": 99.73825968555936,
"accuracy_current": 99.26507817796131
},
"general_regression": {
"input_light": [0, 0, 2500, 2500, 2500, 3000, 3000, 3000, 0, 250, 635, 741, 1063, 1390, 2035, 2430, 2600, 2750, 4000, 10000],
 "input_co2": [0, 0.31, 0.31, 0.31, 0.31, 0.39, 0.39, 0.39, 0.05, 0.025, 0.04, 0.057, 0.13, 0.2, 0.225, 0.25, 0.3, 0.32, 0.03, 0.02],
 "input_temp": [0, 25, 25, 25, 25, 30, 30, 30, 5, 2.5, 5, 13, 14.6, 17.8, 19, 20.1, 22.5, 25, 35, 40],
 "network_capacity": [0.03680477828655913, 0.15540740051379096, 0.1851028661200606, 0.1851028661200606, 0.1851028661200606, 0.22810451259468673, 0.22810451259468673, 0.22810451259468673, 0.04830779320236657, 0.043524717962050825, 0.04987319219173781, 0.05737402888844712, 0.08408245890226566, 0.11746666015795867, 0.13681350550570087, 0.15374746178091536, 0.18051439814126818, 0.19263361835188453, 0.08277719282246018, 0.1412573452406406],
 "natural_capacity": [0, 0, 0.195, 0.225, 0.225, 0.154, 0.192, 0.192, 0, 0.025, 0.05, 0.075, 0.1, 0.15, 0.175, 0.2, 0.25, 0.3, 0.05, 0.1]
}
}