{
"linear_regression": {
"w11": 6.679790153606013e-09,
"w12": 1.7167966574731905e-07,
"w21": 7.2494592171986525e-09,
"w22": 1.6002240352772642e-07
},
"general_regression": {
"iw": [[0.1919580938568281, 0.6279869124704736, 0.2727100092794059, 0.2180780072837159],
 [0.7302275748117415, 0.16338839366770397, 0.19646382270350143, 0.8701793571132872],
 [0.7646033489647075, 0.9953337341805475, 0.34333920162180287, 0.23814625789419097],
 [0.736432837059953, 0.4661934060770526, 0.9531491578524489, 0.35514596670196025]],
 "hw": [[0.1569228027988711, 0.47894329929967017],
 [0.2965626169337016, 0.6502778014676192],
 [0.7853543693078886, 0.44204113181468524],
 [0.7859236368354805, 0.33774769539661864]],
 "ow": [[0.016013908954026303],
 [0.1975585954515312]]
}
}