{
"linear_regression": {
"w11": 1.2858136403573647e-08,
"w12": 2.626166158684555e-09,
"w21": 1.3006665392238024e-08,
"w22": 2.485833137649351e-09
}
}