{
"linear_regression": {
"w11": 5.684573344478972e-09,
"w12": 1.772500479090058e-07,
"w21": 6.241626996059892e-09,
"w22": 1.6573722438745234e-07
}
}