{
"linear_regression": {
"w11": 6.679790153606013e-09,
"w12": 1.7167966574731905e-07,
"w21": 7.2494592171986525e-09,
"w22": 1.6002240352772642e-07
},
"general_regression": {
"iw": [[-0.3609223617263437, 0.475332519791069, 0.7088828263797785, -0.08193448373046043],
 [0.4061049844707747, 0.5149728393037846, 0.26518546092105744, 0.634423106351917],
 [0.49902346305283696, -0.09395697894097438, -0.03177928619189533, 0.6559094292033425],
 [0.8951544623381618, 1.1108335882429652, 0.27958846706042606, 0.5006855564542998]],
 "hw": [[1.4428522967172448, 0.21120253958994303],
 [1.408150045376952, 0.11218812345835238],
 [0.8996468325489283, -0.3116479109241525],
 [0.9391916390937316, 0.49290782828293234]],
 "ow": [[-1.8988924643650964],
 [-0.6390418367021535]]
}
}