{
"linear_regression": {
"w11": 6.679790153606013e-09,
"w12": 1.7167966574731905e-07,
"w21": 7.2494592171986525e-09,
"w22": 1.6002240352772642e-07
},
"general_regression": {
"iw": [[2.685427141610912, 0.3446649446007691, 0.13835758751157917, -0.3838629059254203],
 [2.43827233413087, 1.1579865365557827, -3.2879408758987565, -0.8591239904003651],
 [0.9410681945378154, 0.6384182825839221, 0.5040519473725489, 0.6810468767727157],
 [-0.12131438785439098, 0.6403476209345126, 0.0004936477414271048, 1.2398387088004954]],
 "hw": [[0.9598096258194464, -3.156181969575612],
 [1.1837231325171442, -0.9597139063396801],
 [0.9770965043607072, 3.235558133574817],
 [1.400348718333015, 1.3034103072586039]],
 "ow": [[-0.5754281405992996],
 [-4.6255672688846134]]
}
}